<?xml version="1.0" encoding="UTF-8"?>
<metadata xml:lang="en">
<idinfo>
<citation>
<citeinfo>
<origin>Geospatial Imaging and Informatics Facility, College of Natural Resources, University of California, Berkeley</origin>
<pubdate>200605</pubdate>
<title>Wieslander Vegetation Type Mapping Project: Plot Map for Quad 85B San Jose</title>
<geoform>raster digital data</geoform>
<serinfo Sync="TRUE">
<sername>Wieslander Vegetation Type Mapping Project</sername>
<issue>1</issue>
</serinfo>
<onlink Sync="TRUE">http://vtm.berkeley.edu/data/quad.php?quad=85B</onlink>
</citeinfo>
</citation>
<descript>
<abstract>The Wieslander Vegetation Type Map (VTM) collection is a dataset compiled in the 1920s and 30s, consisting of photos, species inventories, plot maps, and vegetation maps covering most of California.  The VTM plot maps show the locations of the original surveys.</abstract>
<purpose>These data were scanned from paper maps for use in geographic information systems and digital distribution.</purpose>
</descript>
<timeperd>
<timeinfo>
<rngdates>
<begdate>19310819</begdate>
<enddate>19310923</enddate>
</rngdates>
</timeinfo>
<current>ground condition</current>
</timeperd>
<status>
<progress>Complete</progress>
<update>As needed</update>
</status>
<spdom>
<bounding Sync="TRUE">
<westbc Sync="TRUE">-121.877763889</westbc>
<eastbc Sync="TRUE">-121.736644444</eastbc>
<northbc Sync="TRUE">37.5100861111</northbc>
<southbc Sync="TRUE">37.4457861111</southbc>
</bounding>
</spdom>
<keywords>
<theme>
<themekt>None</themekt>
<themekey>california vegetation "vegetation type map" ecology "historical ecology"</themekey>
</theme>
</keywords>
<accconst>See http://vtm.berkeley.edu/about/terms.php</accconst>
<useconst>See http://vtm.berkeley.edu/about/terms.php</useconst>
<ptcontac Sync="TRUE">
<cntinfo>
<cntorgp Sync="TRUE">
<cntorg>Geospatial Imaging and Informatics Facility, College of Natural Resources, University of California, Berkeley</cntorg>
</cntorgp>
<cntaddr>
<addrtype>mailing and physical address</addrtype>
<address>111 Mulford Hall #3114</address>
<address Sync="TRUE">Geospatial Imaging and Informatics Facility</address>
<address>College of Natural Resources</address>
<city>Berkeley</city>
<state Sync="TRUE">California</state>
<postal>94720-3114</postal>
<country>USA</country>
</cntaddr>
<cntvoice>(510) 643-4539</cntvoice>
</cntinfo>
</ptcontac>
</idinfo>
<dataqual>
<logic>Dataset in raster format.</logic>
<complete>Some plots may be present that do not appear in the corresponding plot data, due to loss of the original plot datasheets.  Also, plots that appear in the plot data may not appear on the plot map due to omissions on the original VTM plot map.</complete>
<posacc>
<horizpa>
<horizpar>Georeferencing the VTM plot maps involved multiple steps, each of which introduced error.  See http://giifweb.cnr.berkeley.edu/vtm/about/plotmaps.php for more information.</horizpar>
<qhorizpa>
<horizpav>263</horizpav>
<horizpae>Total horizontal error in meters, calculated by taking the square root of the sum of the squares of each component error.</horizpae>
</qhorizpa>
</horizpa>
</posacc>
<lineage>
<srcinfo>
<srccite>
<citeinfo>
<origin>VTM</origin>
<pubdate>Unpublished material</pubdate>
<title>Wieslander Vegetation Type Mapping Project: Original Paper Plot Map for Quad 85B San Jose</title>
</citeinfo>
</srccite>
<typesrc>paper</typesrc>
<srctime>
<timeinfo>
<rngdates>
<begdate>19310819</begdate>
<enddate>19310923</enddate>
</rngdates>
</timeinfo>
<srccurr>ground condition</srccurr>
</srctime>
<srccitea>VTM85BPM</srccitea>
<srccontr>Original plot map from which this file was digitized.</srccontr>
</srcinfo>
<procstep>
<procdesc>This raster image was created by scanning the corresponding paper map.  It was georeferenced to an uncut copy of its underlying USGS topographic map of the same year and reprint, which had been previously georeferenced to USGS DRGs.</procdesc>
<procdate>2005</procdate>
</procstep>
</lineage>
</dataqual>
<spdoinfo>
<direct Sync="TRUE">Raster</direct>
<ptvctinf>
<sdtsterm Name="">
<sdtstype Sync="TRUE">Entity point</sdtstype>
</sdtsterm>
</ptvctinf>
</spdoinfo>
<spref Sync="TRUE">
<horizsys>
<planar>
<mapproj>
<mapprojn Sync="TRUE">Albers Conical Equal Area</mapprojn>
<albers>
<stdparll Sync="TRUE">34.000000</stdparll>
<stdparll Sync="TRUE">40.500000</stdparll>
<longcm Sync="TRUE">-120.000000</longcm>
<latprjo Sync="TRUE">0.000000</latprjo>
<feast Sync="TRUE">0.000000</feast>
<fnorth Sync="TRUE">-4000000.000000</fnorth>
</albers>
</mapproj>
<planci Name="65_napa_plots">
<plance Sync="TRUE">row and column</plance>
<coordrep Sync="TRUE">
<absres Sync="TRUE">8.000000</absres>
<ordres Sync="TRUE">8.000000</ordres>
</coordrep>
<plandu Sync="TRUE">meters</plandu>
</planci>
</planar>
<geodetic>
<horizdn Sync="TRUE">North American Datum of 1927</horizdn>
<ellips Sync="TRUE">Clarke 1866</ellips>
<semiaxis Sync="TRUE">6378206.400000</semiaxis>
<denflat Sync="TRUE">294.978698</denflat>
</geodetic>
</horizsys>
</spref>
<eainfo Sync="TRUE">
<overview>
<eaover>One band present, with a color table for visualization in pseudocolor.</eaover>
<eadetcit>http://vtm.berkeley.edu/about/plotmaps.php</eadetcit>
</overview>
</eainfo>
<distinfo>
<distrib>
<cntinfo>
<cntorgp>
<cntorg>Geospatial Imaging and Informatics Facility, College of Natural Resources, University of California, Berkeley</cntorg>
</cntorgp>
<cntaddr>
<addrtype>mailing and physical address</addrtype>
<address>111 Mulford Hall #3114</address>
<address>Geospatial Imaging and Informatics Facility</address>
<address>College of Natural Resources</address>
<city>Berkeley</city>
<state>California</state>
<postal>94720-3114</postal>
<country>USA</country>
</cntaddr>
<cntvoice>(510) 643-4539</cntvoice>
</cntinfo>
</distrib>
<resdesc Sync="TRUE">Downloadable Data</resdesc>
<distliab>The provider of the data has made no explicit or implied warrantee of its fitness for use for any purpose, and that data may have inherent limitations for any intended use. Data may be used only at the user's own risk.</distliab>
<stdorder>
<digform>
<digtinfo>
<formname>GEOTIFF</formname>
</digtinfo>
<digtopt>
<onlinopt>
<computer>
<networka>
<networkr>http://vtm.berkeley.edu</networkr>
</networka>
</computer>
<accinstr>Visit web site and download a Plot Points Shapefile from the Data section</accinstr>
</onlinopt>
</digtopt>
</digform>
<fees>0</fees>
</stdorder>
</distinfo>
<metainfo>
<metd Sync="TRUE">20060502</metd>
<metc>
<cntinfo>
<cntperp>
<cntper>Ken-ichi Ueda</cntper>
<cntorg>Kelly Lab, ESPM, CNR, University of California, Berkeley</cntorg>
</cntperp>
<cntpos>Staff Research Associate II</cntpos>
<cntaddr>
<addrtype>mailing and physical address</addrtype>
<address>127 Mulford Hall #3114</address>
<address>Ecosystem Sciences Division</address>
<address>Department of Environmental Sciences, Policy, and Management</address>
<city>Berkeley</city>
<state>California</state>
<postal>94720-3114</postal>
<country>USA</country>
</cntaddr>
<cntvoice>(510) 642-8322</cntvoice>
<cntemail>kueda@nature.berkeley.edu</cntemail>
</cntinfo>
</metc>
<metstdn Sync="TRUE">FGDC Content Standards for Digital Geospatial Metadata</metstdn>
<metstdv Sync="TRUE">FGDC-STD-001-1998</metstdv>
<mettc Sync="TRUE">local time</mettc>
</metainfo>
</metadata>
